cat,yer,nuts13,name,val,k_growth_coef,k_growth_coef_pct,ksk_val,ksk_share,share_ksk_k_growth_coef,pct_share_ksk_k_growth_coef
beds,2001,n/a,Okresy OOCR SLRSP,3974,NULL,NULL,39924,9.95,NULL,NULL
beds,2003,n/a,Okresy OOCR SLRSP,4183,0.805662558,-19.43,36093,11.59,0.784167794,-21.58
beds,2002,n/a,Okresy OOCR SLRSP,5192,1.306492199,30.65,35119,14.78,1.485427136,48.54
beds,2004,n/a,Okresy OOCR SLRSP,6073,1.451828831,45.18,36583,16.6,1.432269198,43.23
beds,2005,n/a,Okresy OOCR SLRSP,6177,1.017124979,1.71,35492,17.4,1.048192771,4.82
nights,2015,n/a,Okresy OOCR SLRSP,106825,0.88196927,-11.8,597759,17.87,0.793164669,-20.68
beds,2014,n/a,Okresy OOCR SLRSP,4936,0.943425076,-5.66,25707,19.2,0.959040959,-4.1
beds,2015,n/a,Okresy OOCR SLRSP,5063,1.025729335,2.57,25989,19.48,1.014583333,1.46
beds,2016,n/a,Okresy OOCR SLRSP,4516,0.891961288,-10.8,23188,19.48,1,0
beds,2017,n/a,Okresy OOCR SLRSP,4306,0.953498671,-4.65,21893,19.67,1.009753593,0.98
beds,2013,n/a,Okresy OOCR SLRSP,5232,0.90880667,-9.12,26139,20.02,0.930729893,-6.93
beds,2019,n/a,Okresy OOCR SLRSP,4750,1.050420168,5.04,22835,20.8,0.992840095,-0.72
beds,2018,n/a,Okresy OOCR SLRSP,4522,1.050162564,5.02,21586,20.95,1.065073716,6.51
beds,2012,n/a,Okresy OOCR SLRSP,5757,0.963514644,-3.65,26764,21.51,0.953035002,-4.7
nights,2014,n/a,Okresy OOCR SLRSP,121121,0.64569284,-35.43,537533,22.53,0.780665281,-21.93
beds,2011,n/a,Okresy OOCR SLRSP,5975,0.969967532,-3,26476,22.57,0.968669528,-3.13
beds,2010,n/a,Okresy OOCR SLRSP,6160,0.93773786,-6.23,26443,23.3,0.942175495,-5.78
nights,2019,n/a,Okresy OOCR SLRSP,249830,1.080173118,8.02,1055845,23.66,0.849246231,-15.08
nights,2021,n/a,Okresy OOCR SLRSP,106811,0.688374881,-31.16,441058,24.22,0.851916989,-14.81
beds,2009,n/a,Okresy OOCR SLRSP,6569,0.928743108,-7.13,26559,24.73,0.937808115,-6.22
nights,2016,n/a,Okresy OOCR SLRSP,183636,1.719035806,71.9,726401,25.28,1.414661444,41.47
nights,2017,n/a,Okresy OOCR SLRSP,199481,1.086284824,8.63,762490,26.16,1.034810127,3.48
beds,2008,n/a,Okresy OOCR SLRSP,7073,1.08365252,8.37,26825,26.37,0.907745267,-9.23
visitors,2001,n/a,Okresy OOCR SLRSP,71169,NULL,NULL,264563,26.9,NULL,NULL
beds,2006,n/a,Okresy OOCR SLRSP,5969,0.966326696,-3.37,21549,27.7,1.591954023,59.2
nights,2018,n/a,Okresy OOCR SLRSP,231287,1.159443757,15.94,830079,27.86,1.064984709,6.5
nights,2010,n/a,Okresy OOCR SLRSP,175677,0.80169121,-19.83,618308,28.41,0.858308157,-14.17
nights,2020,n/a,Okresy OOCR SLRSP,155164,0.621078333,-37.89,545839,28.43,1.201606086,20.16
nights,2013,n/a,Okresy OOCR SLRSP,187583,1.031401205,3.14,649947,28.86,0.946539849,-5.35
beds,2007,n/a,Okresy OOCR SLRSP,6527,1.093482995,9.35,22467,29.05,1.048736462,4.87
nights,2012,n/a,Okresy OOCR SLRSP,181872,0.959903731,-4.01,596457,30.49,0.998362803,-0.16
nights,2011,n/a,Okresy OOCR SLRSP,189469,1.078507716,7.85,620403,30.54,1.074973601,7.5
nights,2009,n/a,Okresy OOCR SLRSP,219133,0.727999681,-27.2,662006,33.1,0.907346491,-9.27
nights,2001,n/a,Okresy OOCR SLRSP,224838,NULL,NULL,664010,33.86,NULL,NULL
nights,2008,n/a,Okresy OOCR SLRSP,301007,1.092338566,9.23,825024,36.48,0.962279082,-3.77
nights,2007,n/a,Okresy OOCR SLRSP,275562,0.95841985,-4.16,726891,37.91,0.909330775,-9.07
nights,2003,n/a,Okresy OOCR SLRSP,284112,0.852569604,-14.74,743724,38.2,0.935357493,-6.46
nights,2005,n/a,Okresy OOCR SLRSP,276045,0.934171921,-6.58,694986,39.72,0.920936703,-7.91
acc,2019,n/a,Okresy OOCR SLRSP,151,1.034246575,3.42,373,40.48,0.953817154,-4.62
nights,2002,n/a,Okresy OOCR SLRSP,333242,1.482142698,48.21,815964,40.84,1.206142942,20.61
acc,2016,n/a,Okresy OOCR SLRSP,125,0.822368421,-17.76,305,40.98,0.946420323,-5.36
acc,2017,n/a,Okresy OOCR SLRSP,119,0.952,-4.8,289,41.18,1.004880429,0.49
nights,2006,n/a,Okresy OOCR SLRSP,287517,1.041558442,4.16,689704,41.69,1.04959718,4.96
acc,2018,n/a,Okresy OOCR SLRSP,146,1.226890756,22.69,344,42.44,1.030597377,3.06
nights,2004,n/a,Okresy OOCR SLRSP,295497,1.040072225,4.01,685187,43.13,1.129057592,12.91
acc,2015,n/a,Okresy OOCR SLRSP,152,1.055555556,5.56,351,43.3,0.989262052,-1.07
acc,2014,n/a,Okresy OOCR SLRSP,144,0.941176471,-5.88,329,43.77,0.989823609,-1.02
acc,2013,n/a,Okresy OOCR SLRSP,153,0.927272727,-7.27,346,44.22,0.956728689,-4.33
acc,2012,n/a,Okresy OOCR SLRSP,165,0.993975904,-0.6,357,46.22,0.963318049,-3.67
acc,2001,n/a,Okresy OOCR SLRSP,98,NULL,NULL,210,46.67,NULL,NULL
acc,2011,n/a,Okresy OOCR SLRSP,166,0.965116279,-3.49,346,47.98,0.979183673,-2.08
acc,2010,n/a,Okresy OOCR SLRSP,172,0.934782609,-6.52,351,49,0.947958986,-5.2
acc,2003,n/a,Okresy OOCR SLRSP,129,0.962686567,-3.73,258,50,0.944108761,-5.59
acc,2009,n/a,Okresy OOCR SLRSP,184,0.901960784,-9.8,356,51.69,0.960245216,-3.98
acc,2005,n/a,Okresy OOCR SLRSP,151,1.013422819,1.34,291,51.89,0.97154091,-2.85
acc,2002,n/a,Okresy OOCR SLRSP,134,1.367346939,36.73,253,52.96,1.134776087,13.48
acc,2007,n/a,Okresy OOCR SLRSP,190,1.266666667,26.67,357,53.22,0.997002623,-0.3
acc,2006,n/a,Okresy OOCR SLRSP,150,0.993377483,-0.66,281,53.38,1.028714589,2.87
acc,2004,n/a,Okresy OOCR SLRSP,149,1.15503876,15.5,279,53.41,1.0682,6.82
acc,2008,n/a,Okresy OOCR SLRSP,204,1.073684211,7.37,379,53.83,1.011461856,1.15
nights,2001,SK042,KoÅ¡ickÃ½ kraj,664010,NULL,NULL,664010,100,NULL,NULL
beds,2001,SK042,KoÅ¡ickÃ½ kraj,39924,NULL,NULL,39924,100,NULL,NULL
visitors,2001,SK042,KoÅ¡ickÃ½ kraj,264563,NULL,NULL,264563,100,NULL,NULL
visitors,2002,SK042,KoÅ¡ickÃ½ kraj,320856,1.212777297,21.28,320856,100,1,0
beds,2002,SK042,KoÅ¡ickÃ½ kraj,35119,0.879646328,-12.04,35119,100,1,0
nights,2002,SK042,KoÅ¡ickÃ½ kraj,815964,1.228842939,22.88,815964,100,1,0
visitors,2003,SK042,KoÅ¡ickÃ½ kraj,294467,0.917754382,-8.22,294467,100,1,0
beds,2003,SK042,KoÅ¡ickÃ½ kraj,36093,1.027734275,2.77,36093,100,1,0
nights,2003,SK042,KoÅ¡ickÃ½ kraj,743724,0.911466682,-8.85,743724,100,1,0
visitors,2004,SK042,KoÅ¡ickÃ½ kraj,285514,0.969595914,-3.04,285514,100,1,0
nights,2004,SK042,KoÅ¡ickÃ½ kraj,685187,0.921292038,-7.87,685187,100,1,0
beds,2004,SK042,KoÅ¡ickÃ½ kraj,36583,1.01357604,1.36,36583,100,1,0
visitors,2005,SK042,KoÅ¡ickÃ½ kraj,295752,1.035858137,3.59,295752,100,1,0
nights,2005,SK042,KoÅ¡ickÃ½ kraj,694986,1.014301205,1.43,694986,100,1,0
beds,2005,SK042,KoÅ¡ickÃ½ kraj,35492,0.970177405,-2.98,35492,100,1,0
nights,2006,SK042,KoÅ¡ickÃ½ kraj,689704,0.992399847,-0.76,689704,100,1,0
beds,2006,SK042,KoÅ¡ickÃ½ kraj,21549,0.607150907,-39.28,21549,100,1,0
visitors,2006,SK042,KoÅ¡ickÃ½ kraj,305970,1.034549217,3.45,305970,100,1,0
visitors,2007,SK042,KoÅ¡ickÃ½ kraj,321774,1.051652123,5.17,321774,100,1,0
beds,2007,SK042,KoÅ¡ickÃ½ kraj,22467,1.042600585,4.26,22467,100,1,0
nights,2007,SK042,KoÅ¡ickÃ½ kraj,726891,1.053917333,5.39,726891,100,1,0
nights,2008,SK042,KoÅ¡ickÃ½ kraj,825024,1.135003735,13.5,825024,100,1,0
visitors,2008,SK042,KoÅ¡ickÃ½ kraj,356946,1.109306532,10.93,356946,100,1,0
acc,2008,SK042,KoÅ¡ickÃ½ kraj,379,1.06162465,6.16,379,100,1,0
beds,2008,SK042,KoÅ¡ickÃ½ kraj,26825,1.193973383,19.4,26825,100,1,0
visitors,2009,SK042,KoÅ¡ickÃ½ kraj,291115,0.815571543,-18.44,291115,100,1,0
acc,2009,SK042,KoÅ¡ickÃ½ kraj,356,0.939313984,-6.07,356,100,1,0
beds,2009,SK042,KoÅ¡ickÃ½ kraj,26559,0.990083877,-0.99,26559,100,1,0
nights,2009,SK042,KoÅ¡ickÃ½ kraj,662006,0.802408172,-19.76,662006,100,1,0
beds,2010,SK042,KoÅ¡ickÃ½ kraj,26443,0.995632366,-0.44,26443,100,1,0
nights,2010,SK042,KoÅ¡ickÃ½ kraj,618308,0.933991535,-6.6,618308,100,1,0
acc,2010,SK042,KoÅ¡ickÃ½ kraj,351,0.985955056,-1.4,351,100,1,0
visitors,2010,SK042,KoÅ¡ickÃ½ kraj,281205,0.96595847,-3.4,281205,100,1,0
beds,2011,SK042,KoÅ¡ickÃ½ kraj,26476,1.001247967,0.12,26476,100,1,0
nights,2011,SK042,KoÅ¡ickÃ½ kraj,620403,1.003388279,0.34,620403,100,1,0
visitors,2011,SK042,KoÅ¡ickÃ½ kraj,289435,1.029266905,2.93,289435,100,1,0
acc,2011,SK042,KoÅ¡ickÃ½ kraj,346,0.985754986,-1.42,346,100,1,0
nights,2012,SK042,KoÅ¡ickÃ½ kraj,596457,0.961402508,-3.86,596457,100,1,0
acc,2012,SK042,KoÅ¡ickÃ½ kraj,357,1.031791908,3.18,357,100,1,0
beds,2012,SK042,KoÅ¡ickÃ½ kraj,26764,1.010877776,1.09,26764,100,1,0
visitors,2012,SK042,KoÅ¡ickÃ½ kraj,283180,0.97838893,-2.16,283180,100,1,0
nights,2013,SK042,KoÅ¡ickÃ½ kraj,649947,1.089679558,8.97,649947,100,1,0
acc,2013,SK042,KoÅ¡ickÃ½ kraj,346,0.969187675,-3.08,346,100,1,0
visitors,2013,SK042,KoÅ¡ickÃ½ kraj,314651,1.111134261,11.11,314651,100,1,0
beds,2013,SK042,KoÅ¡ickÃ½ kraj,26139,0.976647736,-2.34,26139,100,1,0
acc,2014,SK042,KoÅ¡ickÃ½ kraj,329,0.950867052,-4.91,329,100,1,0
nights,2014,SK042,KoÅ¡ickÃ½ kraj,537533,0.827041282,-17.3,537533,100,1,0
beds,2014,SK042,KoÅ¡ickÃ½ kraj,25707,0.983472971,-1.65,25707,100,1,0
visitors,2014,SK042,KoÅ¡ickÃ½ kraj,260494,0.82788232,-17.21,260494,100,1,0
nights,2015,SK042,KoÅ¡ickÃ½ kraj,597759,1.112041493,11.2,597759,100,1,0
beds,2015,SK042,KoÅ¡ickÃ½ kraj,25989,1.010969775,1.1,25989,100,1,0
visitors,2015,SK042,KoÅ¡ickÃ½ kraj,266358,1.022511075,2.25,266358,100,1,0
acc,2015,SK042,KoÅ¡ickÃ½ kraj,351,1.066869301,6.69,351,100,1,0
beds,2016,SK042,KoÅ¡ickÃ½ kraj,23188,0.892223633,-10.78,23188,100,1,0
nights,2016,SK042,KoÅ¡ickÃ½ kraj,726401,1.215207132,21.52,726401,100,1,0
visitors,2016,SK042,KoÅ¡ickÃ½ kraj,347014,1.302810503,30.28,347014,100,1,0
acc,2016,SK042,KoÅ¡ickÃ½ kraj,305,0.868945869,-13.11,305,100,1,0
beds,2017,SK042,KoÅ¡ickÃ½ kraj,21893,0.944152148,-5.58,21893,100,1,0
acc,2017,SK042,KoÅ¡ickÃ½ kraj,289,0.947540984,-5.25,289,100,1,0
nights,2017,SK042,KoÅ¡ickÃ½ kraj,762490,1.049681925,4.97,762490,100,1,0
visitors,2017,SK042,KoÅ¡ickÃ½ kraj,366142,1.055121695,5.51,366142,100,1,0
beds,2018,SK042,KoÅ¡ickÃ½ kraj,21586,0.985977253,-1.4,21586,100,1,0
nights,2018,SK042,KoÅ¡ickÃ½ kraj,830079,1.088642474,8.86,830079,100,1,0
visitors,2018,SK042,KoÅ¡ickÃ½ kraj,386088,1.054476132,5.45,386088,100,1,0
acc,2018,SK042,KoÅ¡ickÃ½ kraj,344,1.190311419,19.03,344,100,1,0
acc,2019,SK042,KoÅ¡ickÃ½ kraj,373,1.084302326,8.43,373,100,1,0
nights,2019,SK042,KoÅ¡ickÃ½ kraj,1055845,1.271981342,27.2,1055845,100,1,0
visitors,2019,SK042,KoÅ¡ickÃ½ kraj,456493,1.1823548,18.24,456493,100,1,0
beds,2019,SK042,KoÅ¡ickÃ½ kraj,22835,1.057861577,5.79,22835,100,1,0
visitors,2020,SK042,KoÅ¡ickÃ½ kraj,226522,0.496222286,-50.38,226522,100,1,0
acc,2020,SK042,KoÅ¡ickÃ½ kraj,381,1.021447721,2.14,381,100,1,0
beds,2020,SK042,KoÅ¡ickÃ½ kraj,20534,0.899233633,-10.08,20534,100,1,0
nights,2020,SK042,KoÅ¡ickÃ½ kraj,545839,0.516968873,-48.3,545839,100,1,0
nights,2021,SK042,KoÅ¡ickÃ½ kraj,441058,0.808036802,-19.2,441058,100,1,0
visitors,2021,SK042,KoÅ¡ickÃ½ kraj,199168,0.879243517,-12.08,199168,100,1,0
visitors,2014,SK0421,Okres Gelnica,995,0.75321726,-24.68,260494,0.38,0.904761905,-9.52
nights,2021,SK0421,Okres Gelnica,1708,0.346380045,-65.36,441058,0.39,0.433333333,-56.67
visitors,2013,SK0421,Okres Gelnica,1321,1.018504241,1.85,314651,0.42,0.913043478,-8.7
visitors,2012,SK0421,Okres Gelnica,1297,0.900694444,-9.93,283180,0.46,0.92,-8
visitors,2021,SK0421,Okres Gelnica,915,0.368802902,-63.12,199168,0.46,0.418181818,-58.18
nights,2014,SK0421,Okres Gelnica,2631,0.702161729,-29.78,537533,0.49,0.844827586,-15.52
visitors,2011,SK0421,Okres Gelnica,1440,0.954907162,-4.51,289435,0.5,0.925925926,-7.41
visitors,2010,SK0421,Okres Gelnica,1508,0.321603753,-67.84,281205,0.54,0.335403727,-66.46
nights,2019,SK0421,Okres Gelnica,5873,0.638925152,-36.11,1055845,0.56,0.504504505,-49.55
visitors,2015,SK0421,Okres Gelnica,1521,1.528643216,52.86,266358,0.57,1.5,50
nights,2013,SK0421,Okres Gelnica,3747,1.019037259,1.9,649947,0.58,0.935483871,-6.45
nights,2012,SK0421,Okres Gelnica,3677,0.805829498,-19.42,596457,0.62,0.837837838,-16.22
visitors,2017,SK0421,Okres Gelnica,2353,1.003411514,0.34,366142,0.64,0.941176471,-5.88
nights,2015,SK0421,Okres Gelnica,3981,1.513112885,51.31,597759,0.67,1.367346939,36.73
nights,2010,SK0421,Okres Gelnica,4198,0.366958042,-63.3,618308,0.68,0.393063584,-60.69
visitors,2016,SK0421,Okres Gelnica,2345,1.541748849,54.17,347014,0.68,1.192982456,19.3
nights,2011,SK0421,Okres Gelnica,4563,1.086946165,8.69,620403,0.74,1.088235294,8.82
visitors,2019,SK0421,Okres Gelnica,3550,0.891735745,-10.83,456493,0.78,0.757281553,-24.27
nights,2017,SK0421,Okres Gelnica,6502,1.034362074,3.44,762490,0.85,0.977011494,-2.3
nights,2016,SK0421,Okres Gelnica,6286,1.579000251,57.9,726401,0.87,1.298507463,29.85
nights,2020,SK0421,Okres Gelnica,4931,0.839604972,-16.04,545839,0.9,1.607142857,60.71
visitors,2018,SK0421,Okres Gelnica,3981,1.691882703,69.19,386088,1.03,1.609375,60.94
visitors,2020,SK0421,Okres Gelnica,2481,0.698873239,-30.11,226522,1.1,1.41025641,41.03
nights,2018,SK0421,Okres Gelnica,9192,1.413718856,41.37,830079,1.11,1.305882353,30.59
beds,2010,SK0421,Okres Gelnica,344,0.670565302,-32.94,26443,1.3,0.67357513,-32.64
beds,2011,SK0421,Okres Gelnica,345,1.002906977,0.29,26476,1.3,1,0
beds,2013,SK0421,Okres Gelnica,341,0.96056338,-3.94,26139,1.3,0.977443609,-2.26
beds,2012,SK0421,Okres Gelnica,355,1.028985507,2.9,26764,1.33,1.023076923,2.31
beds,2014,SK0421,Okres Gelnica,344,1.008797654,0.88,25707,1.34,1.030769231,3.08
beds,2015,SK0421,Okres Gelnica,367,1.066860465,6.69,25989,1.41,1.052238806,5.22
beds,2004,SK0421,Okres Gelnica,578,0.898911353,-10.11,36583,1.58,0.887640449,-11.24
beds,2016,SK0421,Okres Gelnica,371,1.010899183,1.09,23188,1.6,1.134751773,13.48
visitors,2009,SK0421,Okres Gelnica,4689,0.590926276,-40.91,291115,1.61,0.725225225,-27.48
beds,2005,SK0421,Okres Gelnica,597,1.032871972,3.29,35492,1.68,1.063291139,6.33
beds,2017,SK0421,Okres Gelnica,373,1.005390836,0.54,21893,1.7,1.0625,6.25
nights,2009,SK0421,Okres Gelnica,11440,0.581566773,-41.84,662006,1.73,0.726890756,-27.31
beds,2001,SK0421,Okres Gelnica,703,NULL,NULL,39924,1.76,NULL,NULL
beds,2003,SK0421,Okres Gelnica,643,0.990755008,-0.92,36093,1.78,0.962162162,-3.78
beds,2002,SK0421,Okres Gelnica,649,0.923186344,-7.68,35119,1.85,1.051136364,5.11
beds,2009,SK0421,Okres Gelnica,513,0.847933884,-15.21,26559,1.93,0.853982301,-14.6
beds,2018,SK0421,Okres Gelnica,437,1.171581769,17.16,21586,2.02,1.188235294,18.82
visitors,2008,SK0421,Okres Gelnica,7935,0.891873665,-10.81,356946,2.22,0.804347826,-19.57
beds,2008,SK0421,Okres Gelnica,605,0.923664122,-7.63,26825,2.26,0.773972603,-22.6
nights,2008,SK0421,Okres Gelnica,19671,0.806056384,-19.39,825024,2.38,0.708333333,-29.17
beds,2019,SK0421,Okres Gelnica,562,1.28604119,28.6,22835,2.46,1.217821782,21.78
beds,2006,SK0421,Okres Gelnica,595,0.996649916,-0.34,21549,2.76,1.642857143,64.29
visitors,2007,SK0421,Okres Gelnica,8897,0.984617087,-1.54,321774,2.76,0.93559322,-6.44
visitors,2005,SK0421,Okres Gelnica,8640,0.831408776,-16.86,295752,2.92,0.802197802,-19.78
beds,2007,SK0421,Okres Gelnica,655,1.100840336,10.08,22467,2.92,1.057971014,5.8
visitors,2006,SK0421,Okres Gelnica,9036,1.045833333,4.58,305970,2.95,1.010273973,1.03
visitors,2002,SK0421,Okres Gelnica,9822,0.849580486,-15.04,320856,3.06,0.700228833,-29.98
visitors,2003,SK0421,Okres Gelnica,9776,0.995316636,-0.47,294467,3.32,1.08496732,8.5
nights,2007,SK0421,Okres Gelnica,24404,0.91158343,-8.84,726891,3.36,0.865979381,-13.4
visitors,2004,SK0421,Okres Gelnica,10392,1.063011457,6.3,285514,3.64,1.096385542,9.64
nights,2005,SK0421,Okres Gelnica,25839,0.72021072,-27.98,694986,3.72,0.709923664,-29.01
acc,2013,SK0421,Okres Gelnica,13,0.928571429,-7.14,346,3.76,0.959183673,-4.08
nights,2006,SK0421,Okres Gelnica,26771,1.036069507,3.61,689704,3.88,1.043010753,4.3
acc,2012,SK0421,Okres Gelnica,14,1,0,357,3.92,0.967901235,-3.21
acc,2014,SK0421,Okres Gelnica,13,1,0,329,3.95,1.050531915,5.05
acc,2010,SK0421,Okres Gelnica,14,0.823529412,-17.65,351,3.99,0.834728033,-16.53
acc,2011,SK0421,Okres Gelnica,14,1,0,346,4.05,1.015037594,1.5
nights,2002,SK0421,Okres Gelnica,33384,0.737328003,-26.27,815964,4.09,0.599706745,-40.03
acc,2004,SK0421,Okres Gelnica,12,0.8,-20,279,4.3,0.74010327,-25.99
visitors,2001,SK0421,Okres Gelnica,11561,NULL,NULL,264563,4.37,NULL,NULL
acc,2005,SK0421,Okres Gelnica,13,1.083333333,8.33,291,4.47,1.039534884,3.95
acc,2015,SK0421,Okres Gelnica,16,1.230769231,23.08,351,4.56,1.15443038,15.44
acc,2006,SK0421,Okres Gelnica,13,1,0,281,4.63,1.035794183,3.58
nights,2003,SK0421,Okres Gelnica,34656,1.038102085,3.81,743724,4.66,1.139364303,13.94
acc,2009,SK0421,Okres Gelnica,17,0.894736842,-10.53,356,4.78,0.954091816,-4.59
acc,2008,SK0421,Okres Gelnica,19,1,0,379,5.01,0.941729323,-5.83
acc,2017,SK0421,Okres Gelnica,15,0.9375,-6.25,289,5.19,0.988571429,-1.14
nights,2004,SK0421,Okres Gelnica,35877,1.035231994,3.52,685187,5.24,1.124463519,12.45
acc,2016,SK0421,Okres Gelnica,16,1,0,305,5.25,1.151315789,15.13
acc,2007,SK0421,Okres Gelnica,19,1.461538462,46.15,357,5.32,1.149028078,14.9
acc,2018,SK0421,Okres Gelnica,19,1.266666667,26.67,344,5.52,1.063583815,6.36
acc,2019,SK0421,Okres Gelnica,21,1.105263158,10.53,373,5.63,1.019927536,1.99
acc,2003,SK0421,Okres Gelnica,15,1,0,258,5.81,0.979763912,-2.02
acc,2002,SK0421,Okres Gelnica,15,1.071428571,7.14,253,5.93,0.889055472,-11.09
acc,2001,SK0421,Okres Gelnica,14,NULL,NULL,210,6.67,NULL,NULL
nights,2001,SK0421,Okres Gelnica,45277,NULL,NULL,664010,6.82,NULL,NULL
beds,2001,SK0428,Okres RoÅ¾Åˆava,1485,NULL,NULL,39924,3.72,NULL,NULL
visitors,2019,SK0428,Okres RoÅ¾Åˆava,20881,1.079846926,7.98,456493,4.57,0.912175649,-8.78
nights,2019,SK0428,Okres RoÅ¾Åˆava,51372,1.130122973,13.01,1055845,4.87,0.888686131,-11.13
beds,2003,SK0428,Okres RoÅ¾Åˆava,1774,1.001693958,0.17,36093,4.92,0.976190476,-2.38
visitors,2018,SK0428,Okres RoÅ¾Åˆava,19337,1.018326399,1.83,386088,5.01,0.965317919,-3.47
beds,2002,SK0428,Okres RoÅ¾Åˆava,1771,1.192592593,19.26,35119,5.04,1.35483871,35.48
visitors,2021,SK0428,Okres RoÅ¾Åˆava,10122,0.739858198,-26.01,199168,5.08,0.841059603,-15.89
beds,2005,SK0428,Okres RoÅ¾Åˆava,1823,0.887536514,-11.25,35492,5.14,0.916221034,-8.38
visitors,2016,SK0428,Okres RoÅ¾Åˆava,17910,1.248692742,24.87,347014,5.16,0.959107807,-4.09
visitors,2017,SK0428,Okres RoÅ¾Åˆava,18989,1.060245673,6.02,366142,5.19,1.005813953,0.58
nights,2015,SK0428,Okres RoÅ¾Åˆava,31330,0.940360777,-5.96,597759,5.24,0.84516129,-15.48
visitors,2015,SK0428,Okres RoÅ¾Åˆava,14343,0.985637713,-1.44,266358,5.38,0.962432916,-3.76
nights,2018,SK0428,Okres RoÅ¾Åˆava,45457,0.960264481,-3.97,830079,5.48,0.882447665,-11.76
visitors,2014,SK0428,Okres RoÅ¾Åˆava,14552,0.68261563,-31.74,260494,5.59,0.824483776,-17.55
beds,2004,SK0428,Okres RoÅ¾Åˆava,2054,1.1578354,15.78,36583,5.61,1.140243902,14.02
nights,2021,SK0428,Okres RoÅ¾Åˆava,25887,0.699724295,-30.03,441058,5.87,0.865781711,-13.42
visitors,2020,SK0428,Okres RoÅ¾Åˆava,13681,0.655188928,-34.48,226522,6.04,1.32166302,32.17
beds,2015,SK0428,Okres RoÅ¾Åˆava,1590,0.98880597,-1.12,25989,6.12,0.977635783,-2.24
nights,2016,SK0428,Okres RoÅ¾Åˆava,44742,1.428088094,42.81,726401,6.16,1.175572519,17.56
nights,2014,SK0428,Okres RoÅ¾Åˆava,33317,0.716957177,-28.3,537533,6.2,0.867132867,-13.29
nights,2017,SK0428,Okres RoÅ¾Åˆava,47338,1.058021546,5.8,762490,6.21,1.008116883,0.81
beds,2016,SK0428,Okres RoÅ¾Åˆava,1446,0.909433962,-9.06,23188,6.24,1.019607843,1.96
beds,2014,SK0428,Okres RoÅ¾Åˆava,1608,0.950916617,-4.91,25707,6.26,0.967542504,-3.25
beds,2017,SK0428,Okres RoÅ¾Åˆava,1404,0.970954357,-2.9,21893,6.41,1.02724359,2.72
beds,2013,SK0428,Okres RoÅ¾Åˆava,1691,0.879812695,-12.02,26139,6.47,0.901114206,-9.89
beds,2019,SK0428,Okres RoÅ¾Åˆava,1511,1.010026738,1,22835,6.62,0.955266955,-4.47
nights,2012,SK0428,Okres RoÅ¾Åˆava,39804,0.910096945,-8.99,596457,6.67,0.946099291,-5.39
visitors,2012,SK0428,Okres RoÅ¾Åˆava,19092,0.933092224,-6.69,283180,6.74,0.953323904,-4.67
visitors,2013,SK0428,Okres RoÅ¾Åˆava,21318,1.116593338,11.66,314651,6.78,1.005934718,0.59
nights,2020,SK0428,Okres RoÅ¾Åˆava,36996,0.720158841,-27.98,545839,6.78,1.392197125,39.22
beds,2018,SK0428,Okres RoÅ¾Åˆava,1496,1.065527066,6.55,21586,6.93,1.081123245,8.11
nights,2011,SK0428,Okres RoÅ¾Åˆava,43736,0.942850368,-5.71,620403,7.05,0.94,-6
visitors,2011,SK0428,Okres RoÅ¾Åˆava,20461,0.910470342,-8.95,289435,7.07,0.88485607,-11.51
nights,2013,SK0428,Okres RoÅ¾Åˆava,46470,1.167470606,16.75,649947,7.15,1.071964018,7.2
beds,2012,SK0428,Okres RoÅ¾Åˆava,1922,0.981613892,-1.84,26764,7.18,0.97027027,-2.97
beds,2011,SK0428,Okres RoÅ¾Åˆava,1958,0.990389479,-0.96,26476,7.4,0.989304813,-1.07
beds,2010,SK0428,Okres RoÅ¾Åˆava,1977,0.961575875,-3.84,26443,7.48,0.966408269,-3.36
nights,2010,SK0428,Okres RoÅ¾Åˆava,46387,0.771214338,-22.88,618308,7.5,0.825082508,-17.49
beds,2009,SK0428,Okres RoÅ¾Åˆava,2056,0.88354104,-11.65,26559,7.74,0.892733564,-10.73
visitors,2001,SK0428,Okres RoÅ¾Åˆava,20869,NULL,NULL,264563,7.89,NULL,NULL
visitors,2010,SK0428,Okres RoÅ¾Åˆava,22473,0.825121163,-17.49,281205,7.99,0.853632479,-14.64
beds,2006,SK0428,Okres RoÅ¾Åˆava,1803,0.989029073,-1.1,21549,8.37,1.628404669,62.84
beds,2008,SK0428,Okres RoÅ¾Åˆava,2327,0.995295124,-0.47,26825,8.67,0.832853026,-16.71
visitors,2006,SK0428,Okres RoÅ¾Åˆava,27100,1.008334574,0.83,305970,8.86,0.97469747,-2.53
nights,2005,SK0428,Okres RoÅ¾Åˆava,61614,0.790257417,-20.97,694986,8.87,0.77943761,-22.06
visitors,2005,SK0428,Okres RoÅ¾Åˆava,26876,0.881324807,-11.87,295752,9.09,0.851123596,-14.89
nights,2009,SK0428,Okres RoÅ¾Åˆava,60148,0.676162104,-32.38,662006,9.09,0.8432282,-15.68
acc,2001,SK042,KoÅ¡ickÃ½ kraj,210,NULL,NULL,210,100,NULL,NULL
acc,2002,SK042,KoÅ¡ickÃ½ kraj,253,1.204761905,20.48,253,100,1,0
acc,2003,SK042,KoÅ¡ickÃ½ kraj,258,1.019762846,1.98,258,100,1,0
acc,2004,SK042,KoÅ¡ickÃ½ kraj,279,1.081395349,8.14,279,100,1,0
acc,2005,SK042,KoÅ¡ickÃ½ kraj,291,1.043010753,4.3,291,100,1,0
acc,2006,SK042,KoÅ¡ickÃ½ kraj,281,0.965635739,-3.44,281,100,1,0
acc,2007,SK042,KoÅ¡ickÃ½ kraj,357,1.270462633,27.05,357,100,1,0
visitors,2002,SK0428,Okres RoÅ¾Åˆava,29624,1.419521779,41.95,320856,9.23,1.169835234,16.98
visitors,2009,SK0428,Okres RoÅ¾Åˆava,27236,0.707299971,-29.27,291115,9.36,0.86746988,-13.25
nights,2001,SK0428,Okres RoÅ¾Åˆava,62189,NULL,NULL,664010,9.37,NULL,NULL
nights,2006,SK0428,Okres RoÅ¾Åˆava,66107,1.072921739,7.29,689704,9.58,1.080045096,8
visitors,2007,SK0428,Okres RoÅ¾Åˆava,31940,1.178597786,17.86,321774,9.93,1.120767494,12.08
nights,2007,SK0428,Okres RoÅ¾Åˆava,73655,1.114178529,11.42,726891,10.13,1.057411273,5.74
visitors,2003,SK0428,Okres RoÅ¾Åˆava,29998,1.012624899,1.26,294467,10.19,1.104008667,10.4
beds,2007,SK0428,Okres RoÅ¾Åˆava,2338,1.296727676,29.67,22467,10.41,1.243727599,24.37
visitors,2004,SK0428,Okres RoÅ¾Åˆava,30495,1.016567771,1.66,285514,10.68,1.048086359,4.81
nights,2008,SK0428,Okres RoÅ¾Åˆava,88955,1.207725205,20.77,825024,10.78,1.064165844,6.42
visitors,2008,SK0428,Okres RoÅ¾Åˆava,38507,1.205604258,20.56,356946,10.79,1.086606244,8.66
nights,2003,SK0428,Okres RoÅ¾Åˆava,83981,0.893795232,-10.62,743724,11.29,0.980034722,-2
nights,2004,SK0428,Okres RoÅ¾Åˆava,77967,0.928388564,-7.16,685187,11.38,1.007971656,0.8
nights,2002,SK0428,Okres RoÅ¾Åˆava,93960,1.51087813,51.09,815964,11.52,1.22945571,22.95
acc,2019,SK0428,Okres RoÅ¾Åˆava,71,1,0,373,19.03,0.921996124,-7.8
acc,2015,SK0428,Okres RoÅ¾Åˆava,70,1.029411765,2.94,351,19.94,0.964683116,-3.53
acc,2013,SK0428,Okres RoÅ¾Åˆava,70,0.95890411,-4.11,346,20.23,0.989242054,-1.08
acc,2016,SK0428,Okres RoÅ¾Åˆava,62,0.885714286,-11.43,305,20.33,1.019558676,1.96
acc,2017,SK0428,Okres RoÅ¾Åˆava,59,0.951612903,-4.84,289,20.42,1.004426955,0.44
acc,2012,SK0428,Okres RoÅ¾Åˆava,73,0.986486486,-1.35,357,20.45,0.956054231,-4.39
acc,2018,SK0428,Okres RoÅ¾Åˆava,71,1.203389831,20.34,344,20.64,1.010773751,1.08
acc,2014,SK0428,Okres RoÅ¾Åˆava,68,0.971428571,-2.86,329,20.67,1.021749876,2.17
acc,2011,SK0428,Okres RoÅ¾Åˆava,74,0.961038961,-3.9,346,21.39,0.974931632,-2.51
acc,2010,SK0428,Okres RoÅ¾Åˆava,77,0.950617284,-4.94,351,21.94,0.964395604,-3.56
acc,2009,SK0428,Okres RoÅ¾Åˆava,81,0.852631579,-14.74,356,22.75,0.907459114,-9.25
acc,2005,SK0428,Okres RoÅ¾Åˆava,70,0.972222222,-2.78,291,24.05,0.931809376,-6.82
acc,2007,SK0428,Okres RoÅ¾Åˆava,86,1.211267606,21.13,357,24.09,0.953304313,-4.67
acc,2008,SK0428,Okres RoÅ¾Åˆava,95,1.104651163,10.47,379,25.07,1.04068078,4.07
acc,2006,SK0428,Okres RoÅ¾Åˆava,71,1.014285714,1.43,281,25.27,1.050727651,5.07
acc,2004,SK0428,Okres RoÅ¾Åˆava,72,1.014084507,1.41,279,25.81,0.937863372,-6.21
acc,2002,SK0428,Okres RoÅ¾Åˆava,69,1.682926829,68.29,253,27.27,1.397028689,39.7
acc,2003,SK0428,Okres RoÅ¾Åˆava,71,1.028985507,2.9,258,27.52,1.009167583,0.92
beds,2001,SK042A,Okres SpiÅ¡skÃ¡ NovÃ¡ Ves,1786,NULL,NULL,39924,4.47,NULL,NULL
beds,2003,SK042A,Okres SpiÅ¡skÃ¡ NovÃ¡ Ves,1766,0.637085137,-36.29,36093,4.89,0.619771863,-38.02
beds,2002,SK042A,Okres SpiÅ¡skÃ¡ NovÃ¡ Ves,2772,1.552071669,55.21,35119,7.89,1.765100671,76.51
beds,2004,SK042A,Okres SpiÅ¡skÃ¡ NovÃ¡ Ves,3441,1.948471121,94.85,36583,9.41,1.924335378,92.43
beds,2005,SK042A,Okres SpiÅ¡skÃ¡ NovÃ¡ Ves,3757,1.091833769,9.18,35492,10.59,1.125398512,12.54
beds,2017,SK042A,Okres SpiÅ¡skÃ¡ NovÃ¡ Ves,2529,0.937013709,-6.3,21893,11.55,0.992268041,-0.77
beds,2014,SK042A,Okres SpiÅ¡skÃ¡ NovÃ¡ Ves,2984,0.9325,-6.75,25707,11.61,0.948529412,-5.15
beds,2016,SK042A,Okres SpiÅ¡skÃ¡ NovÃ¡ Ves,2699,0.868963297,-13.1,23188,11.64,0.974058577,-2.59
beds,2019,SK042A,Okres SpiÅ¡skÃ¡ NovÃ¡ Ves,2677,1.033989958,3.4,22835,11.72,0.977481234,-2.25
beds,2015,SK042A,Okres SpiÅ¡skÃ¡ NovÃ¡ Ves,3106,1.040884718,4.09,25989,11.95,1.029285099,2.93
nights,2015,SK042A,Okres SpiÅ¡skÃ¡ NovÃ¡ Ves,71514,0.839632278,-16.04,597759,11.96,0.754574132,-24.54
visitors,2015,SK042A,Okres SpiÅ¡skÃ¡ NovÃ¡ Ves,31885,0.860408009,-13.96,266358,11.97,0.841180604,-15.88
beds,2018,SK042A,Okres SpiÅ¡skÃ¡ NovÃ¡ Ves,2589,1.023724792,2.37,21586,11.99,1.038095238,3.81
beds,2013,SK042A,Okres SpiÅ¡skÃ¡ NovÃ¡ Ves,3200,0.91954023,-8.05,26139,12.24,0.941538462,-5.85
beds,2012,SK042A,Okres SpiÅ¡skÃ¡ NovÃ¡ Ves,3480,0.947712418,-5.23,26764,13,0.937274694,-6.27
beds,2011,SK042A,Okres SpiÅ¡skÃ¡ NovÃ¡ Ves,3672,0.956499088,-4.35,26476,13.87,0.95523416,-4.48
visitors,2014,SK042A,Okres SpiÅ¡skÃ¡ NovÃ¡ Ves,37058,0.592539294,-40.75,260494,14.23,0.715794769,-28.42
beds,2010,SK042A,Okres SpiÅ¡skÃ¡ NovÃ¡ Ves,3839,0.95975,-4.03,26443,14.52,0.964143426,-3.59
visitors,2001,SK042A,Okres SpiÅ¡skÃ¡ NovÃ¡ Ves,38739,NULL,NULL,264563,14.64,NULL,NULL
acc,2020,SK0421,Okres Gelnica,NULL,NULL,NULL,381,NULL,NULL,NULL
beds,2020,SK0421,Okres Gelnica,NULL,NULL,NULL,20534,NULL,NULL,NULL
acc,2020,SK0428,Okres RoÅ¾Åˆava,NULL,NULL,NULL,381,NULL,NULL,NULL
beds,2020,SK0428,Okres RoÅ¾Åˆava,NULL,NULL,NULL,20534,NULL,NULL,NULL
acc,2001,SK0428,Okres RoÅ¾Åˆava,41,NULL,NULL,210,19.52,NULL,NULL
acc,2020,SK042A,Okres SpiÅ¡skÃ¡ NovÃ¡ Ves,NULL,NULL,NULL,381,NULL,NULL,NULL
beds,2020,SK042A,Okres SpiÅ¡skÃ¡ NovÃ¡ Ves,NULL,NULL,NULL,20534,NULL,NULL,NULL
acc,2020,n/a,Okresy OOCR SLRSP,NULL,NULL,NULL,381,NULL,NULL,NULL
beds,2020,n/a,Okresy OOCR SLRSP,NULL,NULL,NULL,20534,NULL,NULL,NULL
visitors,2015,n/a,Okresy OOCR SLRSP,47749,0.907689383,-9.23,266358,17.93,0.888063398,-11.19
visitors,2014,n/a,Okresy OOCR SLRSP,52605,0.617574548,-38.24,260494,20.19,0.745844108,-25.42
visitors,2021,n/a,Okresy OOCR SLRSP,40822,0.676555405,-32.34,199168,20.5,0.76951952,-23.05
visitors,2017,n/a,Okresy OOCR SLRSP,82751,1.027758458,2.78,366142,22.6,0.974137931,-2.59
visitors,2016,n/a,Okresy OOCR SLRSP,80516,1.686234267,68.62,347014,23.2,1.293920803,29.39
visitors,2019,n/a,Okresy OOCR SLRSP,106224,1.05040197,5.04,456493,23.27,0.888507064,-11.15
visitors,2018,n/a,Okresy OOCR SLRSP,101127,1.222063782,22.21,386088,26.19,1.158849558,15.88
visitors,2020,n/a,Okresy OOCR SLRSP,60338,0.568026058,-43.2,226522,26.64,1.144821659,14.48
visitors,2010,n/a,Okresy OOCR SLRSP,75043,0.82954357,-17.05,281205,26.69,0.859028001,-14.1
visitors,2013,n/a,Okresy OOCR SLRSP,85180,1.037224651,3.72,314651,27.07,0.933448276,-6.66
visitors,2012,n/a,Okresy OOCR SLRSP,82123,0.966209777,-3.38,283180,29,0.987402111,-1.26
visitors,2011,n/a,Okresy OOCR SLRSP,84995,1.132617299,13.26,289435,29.37,1.100412139,10.04
visitors,2009,n/a,Okresy OOCR SLRSP,90463,0.760327453,-23.97,291115,31.07,0.932193219,-6.78
visitors,2007,n/a,Okresy OOCR SLRSP,100358,0.931941646,-6.81,321774,31.19,0.886079545,-11.39
visitors,2003,n/a,Okresy OOCR SLRSP,97871,0.848411033,-15.16,294467,33.24,0.924617524,-7.54
visitors,2008,n/a,Okresy OOCR SLRSP,118979,1.185545746,18.55,356946,33.33,1.068611735,6.86
visitors,2005,n/a,Okresy OOCR SLRSP,101769,0.950161988,-4.98,295752,34.41,0.917355372,-8.26
visitors,2006,n/a,Okresy OOCR SLRSP,107687,1.058151303,5.82,305970,35.2,1.022958442,2.3
visitors,2002,n/a,Okresy OOCR SLRSP,115358,1.620902359,62.09,320856,35.95,1.336431227,33.64
visitors,2004,n/a,Okresy OOCR SLRSP,107107,1.094369119,9.44,285514,37.51,1.128459687,12.85
visitors,2021,SK042A,Okres SpiÅ¡skÃ¡ NovÃ¡ Ves,29785,0.674234879,-32.58,199168,14.95,0.766666667,-23.33
beds,2009,SK042A,Okres SpiÅ¡skÃ¡ NovÃ¡ Ves,4000,0.965950254,-3.4,26559,15.06,0.975388601,-2.46
acc,2016,SK042A,Okres SpiÅ¡skÃ¡ NovÃ¡ Ves,47,0.712121212,-28.79,305,15.41,0.819680851,-18.03
beds,2008,SK042A,Okres SpiÅ¡skÃ¡ NovÃ¡ Ves,4141,1.171760045,17.18,26825,15.44,0.981563891,-1.84
acc,2017,SK042A,Okres SpiÅ¡skÃ¡ NovÃ¡ Ves,45,0.957446809,-4.26,289,15.57,1.010382868,1.04
beds,2007,SK042A,Okres SpiÅ¡skÃ¡ NovÃ¡ Ves,3534,0.989638757,-1.04,22467,15.73,0.949305975,-5.07
acc,2019,SK042A,Okres SpiÅ¡skÃ¡ NovÃ¡ Ves,59,1.053571429,5.36,373,15.82,0.971744472,-2.83
nights,2014,SK042A,Okres SpiÅ¡skÃ¡ NovÃ¡ Ves,85173,0.620044261,-38,537533,15.85,0.750118315,-24.99
acc,2018,SK042A,Okres SpiÅ¡skÃ¡ NovÃ¡ Ves,56,1.244444444,24.44,344,16.28,1.045600514,4.56
beds,2006,SK042A,Okres SpiÅ¡skÃ¡ NovÃ¡ Ves,3571,0.950492414,-4.95,21549,16.57,1.564683664,56.47
acc,2003,SK042A,Okres SpiÅ¡skÃ¡ NovÃ¡ Ves,43,0.86,-14,258,16.67,0.843623482,-15.64
visitors,2017,SK042A,Okres SpiÅ¡skÃ¡ NovÃ¡ Ves,61409,1.019050464,1.91,366142,16.77,0.965457686,-3.45
visitors,2016,SK042A,Okres SpiÅ¡skÃ¡ NovÃ¡ Ves,60261,1.889948252,88.99,347014,17.37,1.45112782,45.11
nights,2001,SK042A,Okres SpiÅ¡skÃ¡ NovÃ¡ Ves,117372,NULL,NULL,664010,17.68,NULL,NULL
visitors,2019,SK042A,Okres SpiÅ¡skÃ¡ NovÃ¡ Ves,81793,1.051202303,5.12,456493,17.92,0.889330025,-11.07
nights,2021,SK042A,Okres SpiÅ¡skÃ¡ NovÃ¡ Ves,79216,0.699559331,-30.04,441058,17.96,0.865542169,-13.45
visitors,2010,SK042A,Okres SpiÅ¡skÃ¡ NovÃ¡ Ves,51062,0.872288086,-12.77,281205,18.16,0.903033317,-9.7
nights,2019,SK042A,Okres SpiÅ¡skÃ¡ NovÃ¡ Ves,192585,1.090280687,9.03,1055845,18.24,0.857142857,-14.29
nights,2016,SK042A,Okres SpiÅ¡skÃ¡ NovÃ¡ Ves,132608,1.854294264,85.43,726401,18.26,1.526755853,52.68
visitors,2007,SK042A,Okres SpiÅ¡skÃ¡ NovÃ¡ Ves,59521,0.831868178,-16.81,321774,18.5,0.791274594,-20.87
acc,2015,SK042A,Okres SpiÅ¡skÃ¡ NovÃ¡ Ves,66,1.047619048,4.76,351,18.8,0.981723238,-1.83
nights,2017,SK042A,Okres SpiÅ¡skÃ¡ NovÃ¡ Ves,145641,1.098282155,9.83,762490,19.1,1.046002191,4.6
acc,2014,SK042A,Okres SpiÅ¡skÃ¡ NovÃ¡ Ves,63,0.9,-10,329,19.15,0.94661394,-5.34
visitors,2020,SK042A,Okres SpiÅ¡skÃ¡ NovÃ¡ Ves,44176,0.540095118,-45.99,226522,19.5,1.088169643,8.82
visitors,2003,SK042A,Okres SpiÅ¡skÃ¡ NovÃ¡ Ves,58097,0.765320371,-23.47,294467,19.73,0.833896872,-16.61
acc,2002,SK042A,Okres SpiÅ¡skÃ¡ NovÃ¡ Ves,50,1.162790698,16.28,253,19.76,0.96484375,-3.52
visitors,2013,SK042A,Okres SpiÅ¡skÃ¡ NovÃ¡ Ves,62541,1.013072213,1.31,314651,19.88,0.911926606,-8.81
visitors,2009,SK042A,Okres SpiÅ¡skÃ¡ NovÃ¡ Ves,58538,0.807008837,-19.3,291115,20.11,0.989665354,-1.03
visitors,2018,SK042A,Okres SpiÅ¡skÃ¡ NovÃ¡ Ves,77809,1.267061831,26.71,386088,20.15,1.201550388,20.16
nights,2010,SK042A,Okres SpiÅ¡skÃ¡ NovÃ¡ Ves,125092,0.847822698,-15.22,618308,20.23,0.907581875,-9.24
acc,2013,SK042A,Okres SpiÅ¡skÃ¡ NovÃ¡ Ves,70,0.897435897,-10.26,346,20.23,0.925858124,-7.41
visitors,2008,SK042A,Okres SpiÅ¡skÃ¡ NovÃ¡ Ves,72537,1.218679122,21.87,356946,20.32,1.098378378,9.84
acc,2001,SK042A,Okres SpiÅ¡skÃ¡ NovÃ¡ Ves,43,NULL,NULL,210,20.48,NULL,NULL
nights,2020,SK042A,Okres SpiÅ¡skÃ¡ NovÃ¡ Ves,113237,0.587984526,-41.2,545839,20.75,1.137609649,13.76
nights,2013,SK042A,Okres SpiÅ¡skÃ¡ NovÃ¡ Ves,137366,0.992593449,-0.74,649947,21.13,0.910775862,-8.92
nights,2018,SK042A,Okres SpiÅ¡skÃ¡ NovÃ¡ Ves,176638,1.212831552,21.28,830079,21.28,1.114136126,11.41
visitors,2011,SK042A,Okres SpiÅ¡skÃ¡ NovÃ¡ Ves,63094,1.23563511,23.56,289435,21.8,1.200440529,20.04
visitors,2012,SK042A,Okres SpiÅ¡skÃ¡ NovÃ¡ Ves,61734,0.97844486,-2.16,283180,21.8,1,0
acc,2012,SK042A,Okres SpiÅ¡skÃ¡ NovÃ¡ Ves,78,1,0,357,21.85,0.969387755,-3.06
nights,2003,SK042A,Okres SpiÅ¡skÃ¡ NovÃ¡ Ves,165475,0.803674635,-19.63,743724,22.25,0.881886643,-11.81
nights,2009,SK042A,Okres SpiÅ¡skÃ¡ NovÃ¡ Ves,147545,0.766941642,-23.31,662006,22.29,0.955831904,-4.42
visitors,2005,SK042A,Okres SpiÅ¡skÃ¡ NovÃ¡ Ves,66253,1.000498339,0.05,295752,22.4,0.965933592,-3.41
acc,2011,SK042A,Okres SpiÅ¡skÃ¡ NovÃ¡ Ves,78,0.962962963,-3.7,346,22.54,0.97660312,-2.34
nights,2011,SK042A,Okres SpiÅ¡skÃ¡ NovÃ¡ Ves,141170,1.128529402,12.85,620403,22.75,1.124567474,12.46
acc,2010,SK042A,Okres SpiÅ¡skÃ¡ NovÃ¡ Ves,81,0.941860465,-5.81,351,23.08,0.955298013,-4.47
visitors,2004,SK042A,Okres SpiÅ¡skÃ¡ NovÃ¡ Ves,66220,1.139817891,13.98,285514,23.19,1.175367461,17.54
nights,2012,SK042A,Okres SpiÅ¡skÃ¡ NovÃ¡ Ves,138391,0.980314514,-1.97,596457,23.2,1.01978022,1.98
acc,2004,SK042A,Okres SpiÅ¡skÃ¡ NovÃ¡ Ves,65,1.511627907,51.16,279,23.3,1.397720456,39.77
nights,2008,SK042A,Okres SpiÅ¡skÃ¡ NovÃ¡ Ves,192381,1.083818302,8.38,825024,23.32,0.954954955,-4.5
acc,2005,SK042A,Okres SpiÅ¡skÃ¡ NovÃ¡ Ves,68,1.046153846,4.62,291,23.37,1.003004292,0.3
visitors,2006,SK042A,Okres SpiÅ¡skÃ¡ NovÃ¡ Ves,71551,1.07996619,8,305970,23.38,1.04375,4.38
acc,2006,SK042A,Okres SpiÅ¡skÃ¡ NovÃ¡ Ves,66,0.970588235,-2.94,281,23.49,1.005134788,0.51
visitors,2002,SK042A,Okres SpiÅ¡skÃ¡ NovÃ¡ Ves,75912,1.959575621,95.96,320856,23.66,1.616120219,61.61
acc,2008,SK042A,Okres SpiÅ¡skÃ¡ NovÃ¡ Ves,90,1.058823529,5.88,379,23.75,0.99748005,-0.25
acc,2007,SK042A,Okres SpiÅ¡skÃ¡ NovÃ¡ Ves,85,1.287878788,28.79,357,23.81,1.013622818,1.36
acc,2009,SK042A,Okres SpiÅ¡skÃ¡ NovÃ¡ Ves,86,0.955555556,-4.44,356,24.16,1.017263158,1.73
nights,2007,SK042A,Okres SpiÅ¡skÃ¡ NovÃ¡ Ves,177503,0.91196009,-8.8,726891,24.42,0.865343728,-13.47
nights,2002,SK042A,Okres SpiÅ¡skÃ¡ NovÃ¡ Ves,205898,1.7542344,75.42,815964,25.23,1.427036199,42.7
nights,2004,SK042A,Okres SpiÅ¡skÃ¡ NovÃ¡ Ves,181653,1.097767034,9.78,685187,26.51,1.191460674,19.15
nights,2005,SK042A,Okres SpiÅ¡skÃ¡ NovÃ¡ Ves,188592,1.038199204,3.82,694986,27.14,1.023764617,2.38
nights,2006,SK042A,Okres SpiÅ¡skÃ¡ NovÃ¡ Ves,194639,1.032063926,3.21,689704,28.22,1.039793662,3.98
